file,graph_type,nodes,edges,seq_time,par_time,speedup,match
small.txt,undirected,6,10,0.0022870459979458246,0.08048740300000645,0.02841495579060541,True
small.txt,directed,6,10,0.002883918998122681,0.0632011980014795,0.04563076475314867,True
